Feature,Mean Abs SHAP,Std SHAP
log_diameter,0.1517662767097015,0.06534483103179915
length_um,0.1391706991632833,0.19076392836439457
diameter_nm,0.06043016726172308,0.035677150915173185
layers,0.05527032970927354,0.02913557467186305
aspect_ratio,0.0,0.0
