Feature,VIF
log_diameter,19.373282646109296
diameter_nm,12.538482964536415
layers,4.776835200056538
length_um,3.2885533624646976
aspect_ratio,2.201753779180376
