Feature,VIF
log_volume,inf
log_length,inf
log_diameter,inf
log_aspect_ratio,310593077749689.4
aspect_ratio,160842843834660.56
percolation_param,160842843834660.56
surface_to_volume,57495.96940608278
surface_area,413.1867601566175
length_um,328.1479613410765
network_density,268.1670295291552
diameter_nm,172.71317846233143
volume,135.37184161838732
junction_count,53.883579070132605
contact_resistance,6.456625823355866
