Feature,VIF
diameter_nm,2.8923547497488444
length_um,1.679269999506405
layers,3.705263977272426
