Feature,VIF
diameter_nm,10.154885171522597
length_um,9.709989334646364
layers,4.6243227269469855
