Tier,Samples,R2_mean,R2_std
Tier1,194,0.5553152402077157,0.1906025542860919
Tier2,90,0.13496581330379503,0.41741622026092345
Tier3,511,0.46449201679577906,0.06089014921997729
