Model,Train_R2,Test_R2,Train_MAE,Test_MAE
ElasticNet,0.5031891923566584,0.49634773559046597,363933.3241557764,319748.69986754964
RandomForest,0.8263394994521255,0.4359122071823929,204438.58242553548,354896.93276053586
GradientBoosting,0.9654013314367205,0.26005160345089584,92239.6260334765,408375.86251200567
GP_RBF,0.9999448623368807,-3.404038523416827,569.714385039175,1036398.8947368421
GP_Matern,0.9999448623368807,-3.404038523416827,569.714385039175,1036398.8947368421
