name,r2,mae,rmse,cv_r2_mean,cv_r2_std
GP,-0.007501063870479996,0.2176079802655849,0.27296928178243113,-0.1666439349058538,0.21387747568991344
Random Forest,0.3711342997877356,0.1864688233513738,0.21566018545358429,0.12010185386997205,0.43347542059784544
Gradient Boosting,0.34799977354827816,0.18618756546877752,0.2195911806045781,-0.12021153321992976,0.43830812996661817
Ridge,0.44089333129270425,0.17907183503012708,0.203347274811048,0.30423679952320193,0.27218423810916414
